{"state":"trained","trainingEntity":{"snapshottableCheckpoints":{},"progress":[{"currentRowIndex":0,"tableIndex":1,"tableDone":false,"tcTrainingColumnHeader":{"hasTraining":true,"validationAccuracy":0,"elapsedTime":0,"trainingAccuracy":0.5037364363670349,"remainingIterationCount":10,"hasValidation":false},"count":1,"percentComplete":0,"isLast":false},{"currentRowIndex":0,"tableIndex":1,"tableDone":false,"tcTrainingColumnHeader":{"hasTraining":true,"validationAccuracy":0,"elapsedTime":0,"trainingAccuracy":0.5724660754203796,"remainingIterationCount":9,"hasValidation":false},"count":2,"percentComplete":0,"isLast":false},{"currentRowIndex":0,"tableIndex":1,"tableDone":false,"tcTrainingColumnHeader":{"hasTraining":true,"validationAccuracy":0,"elapsedTime":0,"trainingAccuracy":0.9067466855049133,"remainingIterationCount":8,"hasValidation":false},"count":3,"percentComplete":0,"isLast":false},{"currentRowIndex":0,"tableIndex":1,"tableDone":false,"tcTrainingColumnHeader":{"hasTraining":true,"validationAccuracy":0,"elapsedTime":0,"trainingAccuracy":0.9255867600440979,"remainingIterationCount":7,"hasValidation":false},"count":4,"percentComplete":0,"isLast":false},{"currentRowIndex":0,"tableIndex":1,"tableDone":false,"tcTrainingColumnHeader":{"hasTraining":true,"validationAccuracy":0,"elapsedTime":0,"trainingAccuracy":0.9567413926124573,"remainingIterationCount":6,"hasValidation":false},"count":5,"percentComplete":0,"isLast":false},{"currentRowIndex":0,"tableIndex":1,"tableDone":false,"tcTrainingColumnHeader":{"hasTraining":true,"validationAccuracy":0,"elapsedTime":0,"trainingAccuracy":0.9824228882789612,"remainingIterationCount":5,"hasValidation":false},"count":6,"percentComplete":0,"isLast":false},{"currentRowIndex":0,"tableIndex":1,"tableDone":false,"tcTrainingColumnHeader":{"hasTraining":true,"validationAccuracy":0,"elapsedTime":0,"trainingAccuracy":0.9925271272659302,"remainingIterationCount":4,"hasValidation":false},"count":7,"percentComplete":0,"isLast":false},{"currentRowIndex":0,"tableIndex":1,"tableDone":false,"tcTrainingColumnHeader":{"hasTraining":true,"validationAccuracy":0,"elapsedTime":0,"trainingAccuracy":0.9976844787597656,"remainingIterationCount":3,"hasValidation":false},"count":8,"percentComplete":0,"isLast":false},{"currentRowIndex":0,"tableIndex":1,"tableDone":false,"tcTrainingColumnHeader":{"hasTraining":true,"validationAccuracy":0,"elapsedTime":0,"trainingAccuracy":0.9978949427604675,"remainingIterationCount":2,"hasValidation":false},"count":9,"percentComplete":0,"isLast":false},{"count":10,"tcTrainingColumnHeader":{"hasTraining":true,"validationAccuracy":0,"elapsedTime":0,"trainingAccuracy":0.9983159899711609,"remainingIterationCount":1,"hasValidation":false},"tableDone":false,"isLast":false,"tableIndex":1,"currentRowIndex":0,"percentComplete":0},{"count":11,"tcTrainingColumnHeader":{"hasTraining":true,"validationAccuracy":0,"elapsedTime":0,"trainingAccuracy":0.9984211921691895,"remainingIterationCount":0,"hasValidation":false},"tableDone":false,"isLast":false,"tableIndex":1,"currentRowIndex":0,"percentComplete":0},{"count":12,"tcTrainingColumnHeader":{"validationAccuracy":0,"hasTraining":true,"trainingAccuracy":0.9986317157745361,"remainingIterationCount":-1,"hasValidation":false,"elapsedTime":0},"tableDone":false,"isLast":false,"tableIndex":1,"currentRowIndex":0,"percentComplete":0},{"count":13,"tcTrainingColumnHeader":{"validationAccuracy":0,"hasTraining":true,"trainingAccuracy":0.9987369775772095,"remainingIterationCount":-2,"hasValidation":false,"elapsedTime":0},"tableDone":false,"isLast":false,"tableIndex":1,"currentRowIndex":0,"percentComplete":0},{"count":14,"tcTrainingColumnHeader":{"validationAccuracy":0,"hasTraining":true,"trainingAccuracy":0.9988422393798828,"remainingIterationCount":-3,"hasValidation":false,"elapsedTime":0},"tableDone":true,"isLast":false,"tableIndex":1,"currentRowIndex":0,"percentComplete":0},{"count":101,"currentRowIndex":0,"tableIndex":0,"tableDone":false,"isLast":false,"percentComplete":0},{"count":201,"currentRowIndex":0,"tableIndex":0,"tableDone":false,"isLast":false,"percentComplete":0},{"count":301,"currentRowIndex":0,"tableIndex":0,"tableDone":false,"isLast":false,"percentComplete":0},{"count":401,"currentRowIndex":0,"tableIndex":0,"tableDone":false,"isLast":false,"percentComplete":0},{"count":501,"currentRowIndex":0,"tableIndex":0,"tableDone":false,"isLast":false,"percentComplete":0},{"count":601,"currentRowIndex":0,"tableIndex":0,"tableDone":false,"isLast":false,"percentComplete":0},{"count":701,"currentRowIndex":0,"tableIndex":0,"tableDone":false,"isLast":false,"percentComplete":0},{"count":801,"currentRowIndex":0,"tableIndex":0,"tableDone":false,"isLast":false,"percentComplete":0},{"count":901,"currentRowIndex":0,"tableIndex":0,"tableDone":false,"isLast":false,"percentComplete":0},{"count":1001,"currentRowIndex":0,"tableIndex":0,"tableDone":false,"isLast":false,"percentComplete":0},{"count":1101,"currentRowIndex":0,"tableIndex":0,"tableDone":false,"isLast":false,"percentComplete":0},{"count":1201,"currentRowIndex":0,"tableIndex":0,"tableDone":false,"isLast":false,"percentComplete":0},{"count":1301,"currentRowIndex":0,"tableIndex":0,"tableDone":false,"isLast":false,"percentComplete":0},{"count":1401,"currentRowIndex":0,"tableIndex":0,"tableDone":false,"isLast":false,"percentComplete":0},{"count":1501,"currentRowIndex":0,"tableIndex":0,"tableDone":false,"isLast":false,"percentComplete":0},{"count":1601,"currentRowIndex":0,"tableIndex":0,"tableDone":false,"isLast":false,"percentComplete":0},{"count":1701,"currentRowIndex":0,"tableIndex":0,"tableDone":false,"isLast":false,"percentComplete":0},{"count":1801,"currentRowIndex":0,"tableIndex":0,"tableDone":false,"isLast":false,"percentComplete":0},{"count":1901,"currentRowIndex":0,"tableIndex":0,"tableDone":false,"isLast":false,"percentComplete":0},{"count":2001,"currentRowIndex":0,"tableIndex":0,"tableDone":false,"isLast":false,"percentComplete":0},{"count":2101,"currentRowIndex":0,"tableIndex":0,"tableDone":false,"isLast":false,"percentComplete":0},{"count":2201,"currentRowIndex":0,"tableIndex":0,"tableDone":false,"isLast":false,"percentComplete":0},{"count":2301,"currentRowIndex":0,"tableIndex":0,"tableDone":false,"isLast":false,"percentComplete":0},{"count":2401,"currentRowIndex":0,"tableIndex":0,"tableDone":false,"isLast":false,"percentComplete":0},{"count":2501,"currentRowIndex":0,"tableIndex":0,"tableDone":false,"isLast":false,"percentComplete":0},{"count":2601,"currentRowIndex":0,"tableIndex":0,"tableDone":false,"isLast":false,"percentComplete":0},{"count":2701,"currentRowIndex":0,"tableIndex":0,"tableDone":false,"isLast":false,"percentComplete":0},{"count":2801,"currentRowIndex":0,"tableIndex":0,"tableDone":false,"isLast":false,"percentComplete":0},{"count":2901,"currentRowIndex":0,"tableIndex":0,"tableDone":false,"isLast":false,"percentComplete":0},{"count":3001,"currentRowIndex":0,"tableIndex":0,"tableDone":false,"isLast":false,"percentComplete":0},{"count":3101,"currentRowIndex":0,"tableIndex":0,"tableDone":false,"isLast":false,"percentComplete":0},{"count":3201,"currentRowIndex":0,"tableIndex":0,"tableDone":false,"isLast":false,"percentComplete":0},{"percentComplete":0,"tableIndex":0,"count":3301,"isLast":false,"tableDone":false,"currentRowIndex":0},{"percentComplete":0,"tableIndex":0,"count":3401,"isLast":false,"tableDone":false,"currentRowIndex":0},{"tableIndex":0,"isLast":false,"percentComplete":0,"tableDone":false,"currentRowIndex":0,"count":3501},{"tableIndex":0,"isLast":false,"percentComplete":0,"tableDone":false,"currentRowIndex":0,"count":3601},{"tableIndex":0,"isLast":false,"percentComplete":0,"tableDone":false,"currentRowIndex":0,"count":3701},{"tableIndex":0,"isLast":false,"percentComplete":0,"tableDone":false,"currentRowIndex":0,"count":3801},{"tableIndex":0,"isLast":false,"percentComplete":0,"tableDone":false,"currentRowIndex":0,"count":3901},{"tableIndex":0,"isLast":false,"percentComplete":0,"tableDone":false,"currentRowIndex":0,"count":4001},{"tableIndex":0,"isLast":false,"percentComplete":0,"tableDone":false,"currentRowIndex":0,"count":4101},{"tableIndex":0,"isLast":false,"percentComplete":0,"tableDone":false,"currentRowIndex":0,"count":4201},{"tableIndex":0,"isLast":false,"percentComplete":0,"tableDone":false,"currentRowIndex":0,"count":4301},{"tableIndex":0,"isLast":false,"percentComplete":0,"tableDone":false,"currentRowIndex":0,"count":4401},{"tableIndex":0,"isLast":false,"percentComplete":0,"tableDone":false,"currentRowIndex":0,"count":4501},{"tableIndex":0,"isLast":false,"percentComplete":0,"tableDone":false,"currentRowIndex":0,"count":4601},{"tableIndex":0,"isLast":false,"percentComplete":0,"tableDone":false,"currentRowIndex":0,"count":4701},{"tableIndex":0,"isLast":false,"percentComplete":0,"tableDone":false,"currentRowIndex":0,"count":4801},{"tableIndex":0,"isLast":false,"percentComplete":0,"tableDone":false,"currentRowIndex":0,"count":4901},{"tableIndex":0,"isLast":false,"percentComplete":0,"tableDone":false,"currentRowIndex":0,"count":5001},{"tableIndex":0,"isLast":false,"percentComplete":0,"tableDone":false,"currentRowIndex":0,"count":5101},{"tableIndex":0,"isLast":false,"percentComplete":0,"tableDone":false,"currentRowIndex":0,"count":5201},{"tableIndex":0,"isLast":false,"percentComplete":0,"tableDone":false,"currentRowIndex":0,"count":5301},{"tableIndex":0,"isLast":false,"percentComplete":0,"tableDone":false,"currentRowIndex":0,"count":5401},{"tableIndex":0,"isLast":false,"percentComplete":0,"tableDone":false,"currentRowIndex":0,"count":5501},{"tableIndex":0,"isLast":false,"percentComplete":0,"tableDone":false,"currentRowIndex":0,"count":5601},{"tableIndex":0,"isLast":false,"percentComplete":0,"tableDone":false,"currentRowIndex":0,"count":5701},{"tableIndex":0,"isLast":false,"percentComplete":0,"tableDone":false,"currentRowIndex":0,"count":5801},{"tableIndex":0,"isLast":false,"percentComplete":0,"tableDone":false,"currentRowIndex":0,"count":5901},{"tableIndex":0,"isLast":false,"percentComplete":0,"tableDone":false,"currentRowIndex":0,"count":6001},{"tableIndex":0,"isLast":false,"percentComplete":0,"tableDone":false,"currentRowIndex":0,"count":6101},{"tableIndex":0,"isLast":false,"percentComplete":0,"tableDone":false,"currentRowIndex":0,"count":6201},{"tableIndex":0,"isLast":false,"percentComplete":0,"tableDone":false,"currentRowIndex":0,"count":6301},{"tableIndex":0,"isLast":false,"percentComplete":0,"tableDone":false,"currentRowIndex":0,"count":6401},{"tableIndex":0,"isLast":false,"percentComplete":0,"tableDone":false,"currentRowIndex":0,"count":6501},{"tableIndex":0,"isLast":false,"percentComplete":0,"tableDone":false,"currentRowIndex":0,"count":6601},{"tableIndex":0,"isLast":false,"percentComplete":0,"tableDone":false,"currentRowIndex":0,"count":6701},{"tableIndex":0,"isLast":false,"percentComplete":0,"tableDone":false,"currentRowIndex":0,"count":6801},{"tableIndex":0,"isLast":false,"percentComplete":0,"tableDone":false,"currentRowIndex":0,"count":6901},{"tableIndex":0,"isLast":false,"percentComplete":0,"tableDone":false,"currentRowIndex":0,"count":7001},{"count":7101,"tableIndex":0,"isLast":false,"tableDone":false,"currentRowIndex":0,"percentComplete":0},{"count":7201,"tableIndex":0,"isLast":false,"tableDone":false,"currentRowIndex":0,"percentComplete":0},{"count":7301,"tableIndex":0,"isLast":false,"tableDone":false,"currentRowIndex":0,"percentComplete":0},{"count":7401,"tableIndex":0,"isLast":false,"tableDone":false,"currentRowIndex":0,"percentComplete":0},{"count":7501,"tableIndex":0,"isLast":false,"tableDone":false,"currentRowIndex":0,"percentComplete":0},{"count":7601,"tableIndex":0,"isLast":false,"tableDone":false,"currentRowIndex":0,"percentComplete":0},{"count":7701,"tableIndex":0,"isLast":false,"tableDone":false,"currentRowIndex":0,"percentComplete":0},{"count":7801,"tableIndex":0,"isLast":false,"tableDone":false,"currentRowIndex":0,"percentComplete":0},{"count":7901,"tableIndex":0,"isLast":false,"tableDone":false,"currentRowIndex":0,"percentComplete":0},{"count":8001,"tableIndex":0,"isLast":false,"tableDone":false,"currentRowIndex":0,"percentComplete":0},{"count":8101,"tableIndex":0,"isLast":false,"tableDone":false,"currentRowIndex":0,"percentComplete":0},{"count":8201,"tableIndex":0,"isLast":false,"tableDone":false,"currentRowIndex":0,"percentComplete":0},{"count":8301,"tableIndex":0,"isLast":false,"tableDone":false,"currentRowIndex":0,"percentComplete":0},{"count":8401,"tableIndex":0,"isLast":false,"tableDone":false,"currentRowIndex":0,"percentComplete":0},{"count":8501,"tableIndex":0,"isLast":false,"tableDone":false,"currentRowIndex":0,"percentComplete":0},{"count":8601,"tableIndex":0,"isLast":false,"tableDone":false,"currentRowIndex":0,"percentComplete":0},{"count":8701,"tableIndex":0,"isLast":false,"tableDone":false,"currentRowIndex":0,"percentComplete":0},{"count":8801,"tableIndex":0,"isLast":false,"tableDone":false,"currentRowIndex":0,"percentComplete":0},{"count":8901,"tableIndex":0,"isLast":false,"tableDone":false,"currentRowIndex":0,"percentComplete":0},{"count":9001,"tableIndex":0,"isLast":false,"tableDone":false,"currentRowIndex":0,"percentComplete":0},{"count":9101,"tableIndex":0,"isLast":false,"tableDone":false,"currentRowIndex":0,"percentComplete":0},{"count":9201,"tableIndex":0,"isLast":false,"tableDone":false,"currentRowIndex":0,"percentComplete":0},{"count":9301,"tableIndex":0,"isLast":false,"tableDone":false,"currentRowIndex":0,"percentComplete":0},{"count":9401,"tableIndex":0,"isLast":false,"tableDone":false,"currentRowIndex":0,"percentComplete":0},{"count":9501,"tableIndex":0,"isLast":false,"tableDone":true,"currentRowIndex":0,"percentComplete":0}],"trainingAccuracy":0.9988422271339858,"trainingResults":{"textClassifier":{"confusionMatrix":[{"actual":"","expected":"","count":2},{"actual":"non-suicide","expected":"non-suicide","count":4776},{"actual":"non-suicide","expected":"suicide","count":10},{"actual":"suicide","expected":"non-suicide","count":1},{"actual":"suicide","expected":"suicide","count":4712}],"statsByLabel":{"suicide":{"precisionRecall":{"success":{"recall":0.9997878209208572,"precision":0.9978822532825075}},"count":4713},"":{"precisionRecall":{"success":{"recall":1,"precision":1}},"count":2},"non-suicide":{"precisionRecall":{"success":{"precision":0.9997906635963995,"recall":0.9979105725031342}},"count":4786}},"accuracy":0.9988422271339858}},"dataResult":{"dataURL":"file:\/\/\/Users\/kornpongswatdipong\/Downloads\/file1.csv","createdDate":"2025-11-22T23:16:00Z","dataAnalysis":{"classifierAnalysis":{"labelStats":{"non-suicide":5047,"":2,"suicide":4952}},"objectDetectorAnalysis":{"details":{}},"summary":{"canUseValidation":1,"classCount":3,"sampleCount":10001},"issues":[{"description":"3 classes found, including non-suicide, suicide, ","severity":"debug"},{"description":"10001 texts found, automatically creating validation set","severity":"good"},{"description":"Smallest class is \"\" with 2 texts","severity":"debug"},{"description":"Largest class is \"non-suicide\" with 5047 text","severity":"debug"}]},"dataSourceID":"78E3A72B-318C-4640-A187-DF74BC4753C1","itemsCount":10001,"classesCount":3},"analysedDataType":"datasource","featureExtractionCheckpointMayBeAvailable":false,"dataSourceID":"78E3A72B-318C-4640-A187-DF74BC4753C1","validationAccuracy":0.918,"validationResults":{"textClassifier":{"statsByLabel":{"suicide":{"count":239,"precisionRecall":{"success":{"precision":0.9267241379310345,"recall":0.899581589958159}}},"non-suicide":{"count":261,"precisionRecall":{"success":{"precision":0.9104477611940298,"recall":0.9348659003831418}}}},"confusionMatrix":[{"count":244,"expected":"non-suicide","actual":"non-suicide"},{"count":17,"expected":"suicide","actual":"non-suicide"},{"count":24,"expected":"non-suicide","actual":"suicide"},{"count":215,"expected":"suicide","actual":"suicide"}],"accuracy":0.918}},"finishTime":"2025-11-22T23:18:00Z","checkpointMetrics":{},"startTime":"2025-11-22T23:17:57Z"},"createdDate":"2025-11-22T23:15:37Z","contentDataResult":{"createdDate":"2025-11-22T23:16:00Z"},"evaluationState":"uninitialized","activityEntities":["experimentCreated",[{"event":"experimentCreated","id":"301CD4AE-A642-47C2-8B7C-EFB86583AC66","subtitle":"SuicideTextClassification 1","createdDate":"2025-11-22T23:15:37Z","title":"Model Source Created"}],"trainingStarted",[{"id":"3A1FE500-050A-409D-81B7-F5C679EE6B1A","subtitle":"50 iterations","event":"trainingStarted","createdDate":"2025-11-22T23:17:57Z","title":"Training Started"}],"trainingDataAdded",[{"id":"5D0D708C-A20F-43C7-878A-18D02A06AFCB","subtitle":"file1.csv","event":"trainingDataAdded","createdDate":"2025-11-22T23:17:53Z","title":"Training Data Added"}],"trainingFinished",[{"id":"AF1C5C1C-8478-478E-A617-FC58E111705F","subtitle":"Model converged at 14 iterations","event":"trainingFinished","createdDate":"2025-11-22T23:18:00Z","title":"Training Completed"}]],"evaluationEntity":{"analysedDataType":"none","id":"d6d51041-ee46-4191-aba9-6c975e19a332","dataResult":{}},"title":"SuicideTextClassification 1","modelEntity":{"title":"","version":"1.0","modelURL":"Models\/SuicideTextClassification%201.mlmodel","createdDate":"2025-11-22T23:15:37Z","modifiedDate":"2025-11-22T23:15:37Z","id":"0F739E4C-E90F-4F37-A964-3140A8331700","preferredFilename":"","experimentID":"DAC9023C-5789-45CF-BCDF-ACD3EFF3CA64"},"snapshotRole":{"withoutSnapshots":0},"modifiedDate":"2025-11-22T23:18:02Z","settingEntity":{"taskType":"textClassifier","textClassifierScript":"latin","algorithmType":"maxEnt","handActionClassifierAugmentations":[],"styleTransferAlgorithmType":"image","textClassifierThaiLanguage":"automatic","seedType":"default","textClassifierArabicLanguage":"automatic","textClassifierLatin":"automatic","augmentations":[],"textClassifierIndicLanguage":"automatic","textClassifierCJKLanguage":"automatic","featureNames":[],"harVideoAugmentations":0,"handPoseClassifierAugmentations":[],"textClassifierCyrillicLanguage":"automatic","iterationCount":50},"validationEntity":{"analysedDataType":"auto","dataResult":{"createdDate":"2025-11-22T23:16:00Z"}},"preferredFilename":"SuicideTextClassification 1","evaluationContainerEntity":{"modifiedDate":"2025-11-22T23:18:02Z","testingEvaluationEntity":{"id":"24af678c-ed3b-4692-9ab9-daebb64bbc51","createdDate":"2025-11-22T23:15:37Z","dataResult":{"createdDate":"2025-11-22T23:16:00Z"},"analysedDataType":"none"},"id":"4b852dbe-40bb-441b-8f81-1ed486290a3e","createdDate":"2025-11-22T23:18:02Z","previewType":"textClassifier","trainingEvaluationEntity":{"id":"547b71c1-e1cb-475c-8167-dfb09d51357b","createdDate":"2025-11-22T23:15:37Z","dataSourceID":"78E3A72B-318C-4640-A187-DF74BC4753C1","evaluationResult":{"textClassifier":{"confusionMatrix":[{"expected":"","count":2,"actual":""},{"expected":"non-suicide","count":4776,"actual":"non-suicide"},{"expected":"suicide","count":10,"actual":"non-suicide"},{"expected":"non-suicide","count":1,"actual":"suicide"},{"expected":"suicide","count":4712,"actual":"suicide"}],"accuracy":0.9988422271339858,"statsByLabel":{"suicide":{"count":4713,"precisionRecall":{"success":{"precision":0.9978822532825075,"recall":0.9997878209208572}}},"non-suicide":{"count":4786,"precisionRecall":{"success":{"recall":0.9979105725031342,"precision":0.9997906635963995}}},"":{"precisionRecall":{"success":{"precision":1,"recall":1}},"count":2}}}},"dataResult":{"createdDate":"2025-11-22T23:16:00Z","dataSourceID":"78E3A72B-318C-4640-A187-DF74BC4753C1","itemsCount":10001,"classesCount":3,"dataURL":"file:\/\/\/Users\/kornpongswatdipong\/Downloads\/file1.csv","dataAnalysis":{"issues":[{"severity":"debug","description":"3 classes found, including non-suicide, suicide, "},{"severity":"good","description":"10001 texts found, automatically creating validation set"},{"severity":"debug","description":"Smallest class is \"\" with 2 texts"},{"severity":"debug","description":"Largest class is \"non-suicide\" with 5047 text"}],"objectDetectorAnalysis":{"details":{}},"classifierAnalysis":{"labelStats":{"":2,"suicide":4952,"non-suicide":5047}},"summary":{"classCount":3,"canUseValidation":1,"sampleCount":10001}}},"analysedDataType":"none"},"validationEvaluationEntity":{"evaluationResult":{"textClassifier":{"accuracy":0.918,"statsByLabel":{"suicide":{"precisionRecall":{"success":{"precision":0.9267241379310345,"recall":0.899581589958159}},"count":239},"non-suicide":{"precisionRecall":{"success":{"precision":0.9104477611940298,"recall":0.9348659003831418}},"count":261}},"confusionMatrix":[{"actual":"non-suicide","expected":"non-suicide","count":244},{"actual":"non-suicide","expected":"suicide","count":17},{"actual":"suicide","expected":"non-suicide","count":24},{"actual":"suicide","expected":"suicide","count":215}]}},"id":"12da3454-7c65-45d8-90be-8db47b46b84b","createdDate":"2025-11-22T23:15:37Z","dataResult":{"createdDate":"2025-11-22T23:16:00Z"},"analysedDataType":"auto"},"evaluationEntities":[{"id":"7e710092-8ff3-4577-a6e0-632335e105e8","createdDate":"2025-11-22T23:18:02Z","dataResult":{},"analysedDataType":"none"}]},"id":"DAC9023C-5789-45CF-BCDF-ACD3EFF3CA64","version":"1.0"}