{"preferredFilename":"file1.csv","modifiedDate":"2025-11-22T23:17:57Z","dataURL":"file:\/\/\/Users\/kornpongswatdipong\/Downloads\/file1.csv","dataPathRelativeToProjectURL":"..\/..\/Downloads\/file1.csv\/","experimentIDs":["DAC9023C-5789-45CF-BCDF-ACD3EFF3CA64"],"dataResult":{"dataSourceID":"78E3A72B-318C-4640-A187-DF74BC4753C1","dataURL":"file:\/\/\/Users\/kornpongswatdipong\/Downloads\/file1.csv","createdDate":"2025-11-22T23:16:21Z"},"pathType":0,"id":"78E3A72B-318C-4640-A187-DF74BC4753C1","version":"1.0","activityEntities":["dataSourceMetrics",[{"title":"Data Summary","id":"45399D21-6854-49EB-A565-56ED64E072F0","subtitle":"3 Classes, 10,001 Items","event":"dataSourceMetrics","createdDate":"2025-11-22T23:17:57Z"}],"dataSourceCreated",[{"title":"Data Source Created","id":"EA124425-4899-4A79-8A2B-D308FC1E06E8","subtitle":"file1.csv","event":"dataSourceCreated","createdDate":"2025-11-22T23:16:21Z"}],"dataSourceTrainingStarted",[{"title":"Used By","id":"EACAF111-8A72-45EB-ADCD-15426AFAA117","subtitle":"SuicideTextClassification 1","event":"dataSourceTrainingStarted","createdDate":"2025-11-22T23:17:57Z"}]],"title":"file1.csv","createdDate":"2025-11-22T23:16:21Z"}