{"dataURL":"file:\/\/\/Users\/kornpongswatdipong\/Downloads\/Suicide_Detection.csv","dataResult":{"dataURL":"file:\/\/\/Users\/kornpongswatdipong\/Downloads\/Suicide_Detection.csv","createdDate":"2025-11-22T23:16:00Z","dataSourceID":"BB85906A-C9AB-40B4-B89C-D3EB95E4F526"},"createdDate":"2025-11-22T23:16:00Z","title":"Suicide_Detection.csv","preferredFilename":"Suicide_Detection.csv","experimentIDs":["DAC9023C-5789-45CF-BCDF-ACD3EFF3CA64"],"activityEntities":["dataSourceCreated",[{"id":"C8A34887-D276-46B2-9652-4D5EA4E30213","event":"dataSourceCreated","createdDate":"2025-11-22T23:16:00Z","title":"Data Source Created","subtitle":"Suicide_Detection.csv"}]],"pathType":0,"version":"1.0","dataPathRelativeToProjectURL":"..\/..\/Downloads\/Suicide_Detection.csv\/","modifiedDate":"2025-11-22T23:16:00Z","id":"BB85906A-C9AB-40B4-B89C-D3EB95E4F526"}